{"cameraMode":{"drawMode":0,"name":"Shaded","section":"Shading Mode"},"sceneLighting":true,"audioPlay":false,"sceneViewState":{"showFog":true,"showMaterialUpdate":false,"showSkybox":true,"showFlares":true,"showImageEffects":true,"showParticleSystems":true},"in2DMode":false,"pivot":{"x":7.020000457763672,"y":8.239997863769532,"z":0.13000106811523438},"rotation":{"x":0.04331882670521736,"y":0.679711103439331,"z":-0.03928156942129135,"w":0.7313101291656494},"size":11.821807861328125,"orthographic":true}