{"cameraMode":{"drawMode":0,"name":"Shaded","section":"Shading Mode"},"sceneLighting":true,"audioPlay":false,"sceneViewState":{"showFog":true,"showMaterialUpdate":false,"showSkybox":true,"showFlares":true,"showImageEffects":true,"showParticleSystems":true},"in2DMode":false,"pivot":{"x":-4.73177433013916,"y":-0.2825756072998047,"z":-13.944202423095704},"rotation":{"x":0.013169541954994202,"y":0.9861319065093994,"z":-0.0967622697353363,"w":0.1342441290616989},"size":54.243343353271487,"orthographic":false}