{"cameraMode":{"drawMode":0,"name":"Shaded","section":"Shading Mode"},"sceneLighting":true,"audioPlay":false,"sceneViewState":{"showFog":true,"showMaterialUpdate":false,"showSkybox":true,"showFlares":true,"showImageEffects":true,"showParticleSystems":true},"in2DMode":false,"pivot":{"x":22.044605255126954,"y":11.98727798461914,"z":34.33222198486328},"rotation":{"x":0.21125689148902894,"y":-0.03635471314191818,"z":0.007782218512147665,"w":0.976761519908905},"size":36.80927658081055,"orthographic":false}