{"cameraMode":{"drawMode":0,"name":"Shaded","section":"Shading Mode"},"sceneLighting":true,"audioPlay":false,"sceneViewState":{"showFog":true,"showMaterialUpdate":false,"showSkybox":true,"showFlares":true,"showImageEffects":true,"showParticleSystems":true},"in2DMode":false,"pivot":{"x":1.2187930345535279,"y":7.385771751403809,"z":-7.5},"rotation":{"x":-0.0015882599400356413,"y":0.9916506409645081,"z":-0.12863598763942719,"w":-0.011896473355591298},"size":14.6234769821167,"orthographic":true}