{"cameraMode":{"drawMode":0,"name":"Shaded","section":"Shading Mode"},"sceneLighting":true,"audioPlay":false,"sceneViewState":{"showFog":true,"showMaterialUpdate":false,"showSkybox":true,"showFlares":true,"showImageEffects":true,"showParticleSystems":true},"in2DMode":false,"pivot":{"x":86.20329284667969,"y":1.4060640335083008,"z":-23.128253936767579},"rotation":{"x":-0.024514807388186456,"y":0.9728736281394959,"z":-0.12174052000045777,"w":-0.19547557830810548},"size":14.868121147155762,"orthographic":false}