{"cameraMode":{"drawMode":0,"name":"Shaded","section":"Shading Mode"},"sceneLighting":true,"audioPlay":false,"sceneViewState":{"showFog":true,"showMaterialUpdate":false,"showSkybox":true,"showFlares":true,"showImageEffects":true,"showParticleSystems":true},"in2DMode":false,"pivot":{"x":89.1651840209961,"y":-6.450675964355469,"z":44.35726547241211},"rotation":{"x":0.0986129641532898,"y":-0.06830579042434693,"z":0.006718984805047512,"w":0.9927974939346314},"size":74.16597747802735,"orthographic":false}