{"cameraMode":{"drawMode":0,"name":"Shaded","section":"Shading Mode"},"sceneLighting":true,"audioPlay":false,"sceneViewState":{"showFog":true,"showMaterialUpdate":false,"showSkybox":true,"showFlares":true,"showImageEffects":true,"showParticleSystems":true},"in2DMode":false,"pivot":{"x":87.33648681640625,"y":3.483656883239746,"z":-22.8582820892334},"rotation":{"x":-0.0037406766787171365,"y":0.993772566318512,"z":-0.034290213137865069,"w":-0.10652999579906464},"size":12.949893951416016,"orthographic":false}