{"cameraMode":{"drawMode":0,"name":"Shaded","section":"Shading Mode"},"sceneLighting":true,"audioPlay":false,"sceneViewState":{"showFog":true,"showMaterialUpdate":false,"showSkybox":true,"showFlares":true,"showImageEffects":true,"showParticleSystems":true},"in2DMode":false,"pivot":{"x":3.7552714347839357,"y":6.071246147155762,"z":-12.236746788024903},"rotation":{"x":0.015041254460811615,"y":0.9803282618522644,"z":-0.08254246413707733,"w":0.17869020998477937},"size":17.886137008666993,"orthographic":false}