{"cameraMode":{"drawMode":0,"name":"Shaded","section":"Shading Mode"},"sceneLighting":true,"audioPlay":false,"sceneViewState":{"showFog":true,"showMaterialUpdate":false,"showSkybox":true,"showFlares":true,"showImageEffects":true,"showParticleSystems":true},"in2DMode":false,"pivot":{"x":26.949426651000978,"y":-9.247367858886719,"z":-17.52361297607422},"rotation":{"x":0.00194285879842937,"y":0.914310097694397,"z":-0.405020534992218,"w":0.004385198466479778},"size":39.62647247314453,"orthographic":false}